region,p
Right-Thalamus,0.26470706476375555
Left-Thalamus,0.26470706476375555
Right-Caudate,0.22816370825980395
Left-Caudate,0.22816370825980395
Right-Putamen,0.18590739892784688
Left-Putamen,0.18590739892784688
Right-Hippocampus,0.11026021836092065
Left-Hippocampus,0.11026021836092065
Right-Amygdala,0.8244437592573389
Left-Amygdala,0.8244437592573389
